scenario_id,legacy_scenario_id
NLEB-AM-CX-001,NLB-v3-AM-CX-001
NLEB-AM-CX-002,NLB-v3-AM-CX-002
NLEB-AM-CX-003,NLB-v3-AM-CX-003
NLEB-AM-CX-004,NLB-v3-AM-CX-004
NLEB-AM-CX-005,NLB-v3-AM-CX-005
NLEB-AM-CX-006,NLB-v3-AM-CX-006
NLEB-AM-CX-007,NLB-v3-AM-CX-007
NLEB-AM-CX-008,NLB-v3-AM-CX-008
NLEB-AM-CX-009,NLB-v3-AM-CX-009
NLEB-AM-CX-010,NLB-v3-AM-CX-010
NLEB-AM-CX-011,NLB-v3-AM-CX-011
NLEB-AM-CX-012,NLB-v3-AM-CX-012
NLEB-AM-CX-013,NLB-v3-AM-CX-013
NLEB-AM-CX-014,NLB-v3-AM-CX-014
NLEB-AM-CX-015,NLB-v3-AM-CX-015
NLEB-AM-CX-016,NLB-v3-AM-CX-016
NLEB-AM-CX-017,NLB-v3-AM-CX-017
NLEB-AM-CX-018,NLB-v3-AM-CX-018
NLEB-AM-CX-019,NLB-v3-AM-CX-019
NLEB-AM-CX-020,NLB-v3-AM-CX-020
NLEB-AM-DI-001,NLB-v3-AM-DI-001
NLEB-AM-DI-002,NLB-v3-AM-DI-002
NLEB-AM-DI-003,NLB-v3-AM-DI-003
NLEB-AM-DI-004,NLB-v3-AM-DI-004
NLEB-AM-DI-005,NLB-v3-AM-DI-005
NLEB-AM-DI-006,NLB-v3-AM-DI-006
NLEB-AM-DI-007,NLB-v3-AM-DI-007
NLEB-AM-DI-008,NLB-v3-AM-DI-008
NLEB-AM-DI-009,NLB-v3-AM-DI-009
NLEB-AM-DI-010,NLB-v3-AM-DI-010
NLEB-AM-DI-011,NLB-v3-AM-DI-011
NLEB-AM-DI-012,NLB-v3-AM-DI-012
NLEB-AM-DI-013,NLB-v3-AM-DI-013
NLEB-AM-DI-014,NLB-v3-AM-DI-014
NLEB-AM-DI-015,NLB-v3-AM-DI-015
NLEB-AM-DI-016,NLB-v3-AM-DI-016
NLEB-AM-DI-017,NLB-v3-AM-DI-017
NLEB-AM-DI-018,NLB-v3-AM-DI-018
NLEB-AM-DI-019,NLB-v3-AM-DI-019
NLEB-AM-DI-020,NLB-v3-AM-DI-020
NLEB-AM-EX-001,NLB-v3-AM-EX-001
NLEB-AM-EX-002,NLB-v3-AM-EX-002
NLEB-AM-EX-003,NLB-v3-AM-EX-003
NLEB-AM-EX-004,NLB-v3-AM-EX-004
NLEB-AM-EX-005,NLB-v3-AM-EX-005
NLEB-AM-EX-006,NLB-v3-AM-EX-006
NLEB-AM-EX-007,NLB-v3-AM-EX-007
NLEB-AM-EX-008,NLB-v3-AM-EX-008
NLEB-AM-EX-009,NLB-v3-AM-EX-009
NLEB-AM-EX-010,NLB-v3-AM-EX-010
NLEB-AM-EX-011,NLB-v3-AM-EX-011
NLEB-AM-EX-012,NLB-v3-AM-EX-012
NLEB-AM-EX-013,NLB-v3-AM-EX-013
NLEB-AM-EX-014,NLB-v3-AM-EX-014
NLEB-AM-EX-015,NLB-v3-AM-EX-015
NLEB-AM-EX-016,NLB-v3-AM-EX-016
NLEB-AM-EX-017,NLB-v3-AM-EX-017
NLEB-AM-EX-018,NLB-v3-AM-EX-018
NLEB-AM-EX-019,NLB-v3-AM-EX-019
NLEB-AM-EX-020,NLB-v3-AM-EX-020
NLEB-AM-ST-001,NLB-v3-AM-ST-001
NLEB-AM-ST-002,NLB-v3-AM-ST-002
NLEB-AM-ST-003,NLB-v3-AM-ST-003
NLEB-AM-ST-004,NLB-v3-AM-ST-004
NLEB-AM-ST-005,NLB-v3-AM-ST-005
NLEB-AM-ST-006,NLB-v3-AM-ST-006
NLEB-AM-ST-007,NLB-v3-AM-ST-007
NLEB-AM-ST-008,NLB-v3-AM-ST-008
NLEB-AM-ST-009,NLB-v3-AM-ST-009
NLEB-AM-ST-010,NLB-v3-AM-ST-010
NLEB-AM-ST-011,NLB-v3-AM-ST-011
NLEB-AM-ST-012,NLB-v3-AM-ST-012
NLEB-AM-ST-013,NLB-v3-AM-ST-013
NLEB-AM-ST-014,NLB-v3-AM-ST-014
NLEB-AM-ST-015,NLB-v3-AM-ST-015
NLEB-AM-ST-016,NLB-v3-AM-ST-016
NLEB-AM-ST-017,NLB-v3-AM-ST-017
NLEB-AM-ST-018,NLB-v3-AM-ST-018
NLEB-AM-ST-019,NLB-v3-AM-ST-019
NLEB-AM-ST-020,NLB-v3-AM-ST-020
NLEB-CX-AT-001,NLB-v3-CX-AT-001
NLEB-CX-AT-002,NLB-v3-CX-AT-002
NLEB-CX-AT-003,NLB-v3-CX-AT-003
NLEB-CX-AT-004,NLB-v3-CX-AT-004
NLEB-CX-AT-005,NLB-v3-CX-AT-005
NLEB-CX-AT-006,NLB-v3-CX-AT-006
NLEB-CX-AT-007,NLB-v3-CX-AT-007
NLEB-CX-AT-008,NLB-v3-CX-AT-008
NLEB-CX-AT-009,NLB-v3-CX-AT-009
NLEB-CX-AT-010,NLB-v3-CX-AT-010
NLEB-CX-AT-011,NLB-v3-CX-AT-011
NLEB-CX-AT-012,NLB-v3-CX-AT-012
NLEB-CX-AT-013,NLB-v3-CX-AT-013
NLEB-CX-AT-014,NLB-v3-CX-AT-014
NLEB-CX-AT-015,NLB-v3-CX-AT-015
NLEB-CX-AT-016,NLB-v3-CX-AT-016
NLEB-CX-AT-017,NLB-v3-CX-AT-017
NLEB-CX-AT-018,NLB-v3-CX-AT-018
NLEB-CX-AT-019,NLB-v3-CX-AT-019
NLEB-CX-AT-020,NLB-v3-CX-AT-020
NLEB-CX-AT-021,NLB-v3-CX-AT-021
NLEB-CX-AT-022,NLB-v3-CX-AT-022
NLEB-CX-AT-023,NLB-v3-CX-AT-023
NLEB-CX-AT-024,NLB-v3-CX-AT-024
NLEB-CX-AT-025,NLB-v3-CX-AT-025
NLEB-CX-AT-026,NLB-v3-CX-AT-026
NLEB-CX-AT-027,NLB-v3-CX-AT-027
NLEB-CX-AT-028,NLB-v3-CX-AT-028
NLEB-CX-AT-029,NLB-v3-CX-AT-029
NLEB-CX-AT-030,NLB-v3-CX-AT-030
NLEB-CX-AT-031,NLB-v3-CX-AT-031
NLEB-CX-AT-032,NLB-v3-CX-AT-032
NLEB-CX-AT-033,NLB-v3-CX-AT-033
NLEB-CX-AT-034,NLB-v3-CX-AT-034
NLEB-CX-AT-035,NLB-v3-CX-AT-035
NLEB-CX-AT-036,NLB-v3-CX-AT-036
NLEB-CX-AT-037,NLB-v3-CX-AT-037
NLEB-CX-AT-038,NLB-v3-CX-AT-038
NLEB-CX-AT-039,NLB-v3-CX-AT-039
NLEB-CX-AT-040,NLB-v3-CX-AT-040
NLEB-CX-CO-001,NLB-v3-CX-CO-001
NLEB-CX-CO-002,NLB-v3-CX-CO-002
NLEB-CX-CO-003,NLB-v3-CX-CO-003
NLEB-CX-CO-004,NLB-v3-CX-CO-004
NLEB-CX-CO-005,NLB-v3-CX-CO-005
NLEB-CX-CO-006,NLB-v3-CX-CO-006
NLEB-CX-CO-007,NLB-v3-CX-CO-007
NLEB-CX-CO-008,NLB-v3-CX-CO-008
NLEB-CX-CO-009,NLB-v3-CX-CO-009
NLEB-CX-CO-010,NLB-v3-CX-CO-010
NLEB-CX-CO-011,NLB-v3-CX-CO-011
NLEB-CX-CO-012,NLB-v3-CX-CO-012
NLEB-CX-CO-013,NLB-v3-CX-CO-013
NLEB-CX-CO-014,NLB-v3-CX-CO-014
NLEB-CX-CO-015,NLB-v3-CX-CO-015
NLEB-CX-CO-016,NLB-v3-CX-CO-016
NLEB-CX-CO-017,NLB-v3-CX-CO-017
NLEB-CX-CO-018,NLB-v3-CX-CO-018
NLEB-CX-CO-019,NLB-v3-CX-CO-019
NLEB-CX-CO-020,NLB-v3-CX-CO-020
NLEB-CX-CO-021,NLB-v3-CX-CO-021
NLEB-CX-CO-022,NLB-v3-CX-CO-022
NLEB-CX-CO-023,NLB-v3-CX-CO-023
NLEB-CX-CO-024,NLB-v3-CX-CO-024
NLEB-CX-CO-025,NLB-v3-CX-CO-025
NLEB-CX-CO-026,NLB-v3-CX-CO-026
NLEB-CX-CO-027,NLB-v3-CX-CO-027
NLEB-CX-CO-028,NLB-v3-CX-CO-028
NLEB-CX-CO-029,NLB-v3-CX-CO-029
NLEB-CX-CO-030,NLB-v3-CX-CO-030
NLEB-CX-CO-031,NLB-v3-CX-CO-031
NLEB-CX-CO-032,NLB-v3-CX-CO-032
NLEB-CX-CO-033,NLB-v3-CX-CO-033
NLEB-CX-CO-034,NLB-v3-CX-CO-034
NLEB-CX-CO-035,NLB-v3-CX-CO-035
NLEB-CX-CO-036,NLB-v3-CX-CO-036
NLEB-CX-CO-037,NLB-v3-CX-CO-037
NLEB-CX-CO-038,NLB-v3-CX-CO-038
NLEB-CX-CO-039,NLB-v3-CX-CO-039
NLEB-CX-CO-040,NLB-v3-CX-CO-040
NLEB-CX-CU-001,NLB-v3-CX-CU-001
NLEB-CX-CU-002,NLB-v3-CX-CU-002
NLEB-CX-CU-003,NLB-v3-CX-CU-003
NLEB-CX-CU-004,NLB-v3-CX-CU-004
NLEB-CX-CU-005,NLB-v3-CX-CU-005
NLEB-CX-CU-006,NLB-v3-CX-CU-006
NLEB-CX-CU-007,NLB-v3-CX-CU-007
NLEB-CX-CU-008,NLB-v3-CX-CU-008
NLEB-CX-CU-009,NLB-v3-CX-CU-009
NLEB-CX-CU-010,NLB-v3-CX-CU-010
NLEB-CX-CU-011,NLB-v3-CX-CU-011
NLEB-CX-CU-012,NLB-v3-CX-CU-012
NLEB-CX-CU-013,NLB-v3-CX-CU-013
NLEB-CX-CU-014,NLB-v3-CX-CU-014
NLEB-CX-CU-015,NLB-v3-CX-CU-015
NLEB-CX-CU-016,NLB-v3-CX-CU-016
NLEB-CX-CU-017,NLB-v3-CX-CU-017
NLEB-CX-CU-018,NLB-v3-CX-CU-018
NLEB-CX-CU-019,NLB-v3-CX-CU-019
NLEB-CX-CU-020,NLB-v3-CX-CU-020
NLEB-CX-CU-021,NLB-v3-CX-CU-021
NLEB-CX-CU-022,NLB-v3-CX-CU-022
NLEB-CX-CU-023,NLB-v3-CX-CU-023
NLEB-CX-CU-024,NLB-v3-CX-CU-024
NLEB-CX-CU-025,NLB-v3-CX-CU-025
NLEB-CX-CU-026,NLB-v3-CX-CU-026
NLEB-CX-CU-027,NLB-v3-CX-CU-027
NLEB-CX-CU-028,NLB-v3-CX-CU-028
NLEB-CX-CU-029,NLB-v3-CX-CU-029
NLEB-CX-CU-030,NLB-v3-CX-CU-030
NLEB-CX-CU-031,NLB-v3-CX-CU-031
NLEB-CX-CU-032,NLB-v3-CX-CU-032
NLEB-CX-CU-033,NLB-v3-CX-CU-033
NLEB-CX-CU-034,NLB-v3-CX-CU-034
NLEB-CX-CU-035,NLB-v3-CX-CU-035
NLEB-CX-CU-036,NLB-v3-CX-CU-036
NLEB-CX-CU-037,NLB-v3-CX-CU-037
NLEB-CX-CU-038,NLB-v3-CX-CU-038
NLEB-CX-CU-039,NLB-v3-CX-CU-039
NLEB-CX-CU-040,NLB-v3-CX-CU-040
NLEB-CX-DE-001,NLB-v3-CX-DE-001
NLEB-CX-DE-002,NLB-v3-CX-DE-002
NLEB-CX-DE-003,NLB-v3-CX-DE-003
NLEB-CX-DE-004,NLB-v3-CX-DE-004
NLEB-CX-DE-005,NLB-v3-CX-DE-005
NLEB-CX-DE-006,NLB-v3-CX-DE-006
NLEB-CX-DE-007,NLB-v3-CX-DE-007
NLEB-CX-DE-008,NLB-v3-CX-DE-008
NLEB-CX-DE-009,NLB-v3-CX-DE-009
NLEB-CX-DE-010,NLB-v3-CX-DE-010
NLEB-CX-DE-011,NLB-v3-CX-DE-011
NLEB-CX-DE-012,NLB-v3-CX-DE-012
NLEB-CX-DE-013,NLB-v3-CX-DE-013
NLEB-CX-DE-014,NLB-v3-CX-DE-014
NLEB-CX-DE-015,NLB-v3-CX-DE-015
NLEB-CX-DE-016,NLB-v3-CX-DE-016
NLEB-CX-DE-017,NLB-v3-CX-DE-017
NLEB-CX-DE-018,NLB-v3-CX-DE-018
NLEB-CX-DE-019,NLB-v3-CX-DE-019
NLEB-CX-DE-020,NLB-v3-CX-DE-020
NLEB-CX-DE-021,NLB-v3-CX-DE-021
NLEB-CX-DE-022,NLB-v3-CX-DE-022
NLEB-CX-DE-023,NLB-v3-CX-DE-023
NLEB-CX-DE-024,NLB-v3-CX-DE-024
NLEB-CX-DE-025,NLB-v3-CX-DE-025
NLEB-CX-DE-026,NLB-v3-CX-DE-026
NLEB-CX-DE-027,NLB-v3-CX-DE-027
NLEB-CX-DE-028,NLB-v3-CX-DE-028
NLEB-CX-DE-029,NLB-v3-CX-DE-029
NLEB-CX-DE-030,NLB-v3-CX-DE-030
NLEB-CX-DE-031,NLB-v3-CX-DE-031
NLEB-CX-DE-032,NLB-v3-CX-DE-032
NLEB-CX-DE-033,NLB-v3-CX-DE-033
NLEB-CX-DE-034,NLB-v3-CX-DE-034
NLEB-CX-DE-035,NLB-v3-CX-DE-035
NLEB-CX-DE-036,NLB-v3-CX-DE-036
NLEB-CX-DE-037,NLB-v3-CX-DE-037
NLEB-CX-DE-038,NLB-v3-CX-DE-038
NLEB-CX-DE-039,NLB-v3-CX-DE-039
NLEB-CX-DE-040,NLB-v3-CX-DE-040
NLEB-DI-AT-001,NLB-v3-DI-AT-001
NLEB-DI-AT-002,NLB-v3-DI-AT-002
NLEB-DI-AT-003,NLB-v3-DI-AT-003
NLEB-DI-AT-004,NLB-v3-DI-AT-004
NLEB-DI-AT-005,NLB-v3-DI-AT-005
NLEB-DI-AT-006,NLB-v3-DI-AT-006
NLEB-DI-AT-007,NLB-v3-DI-AT-007
NLEB-DI-AT-008,NLB-v3-DI-AT-008
NLEB-DI-AT-009,NLB-v3-DI-AT-009
NLEB-DI-AT-010,NLB-v3-DI-AT-010
NLEB-DI-AT-011,NLB-v3-DI-AT-011
NLEB-DI-AT-012,NLB-v3-DI-AT-012
NLEB-DI-AT-013,NLB-v3-DI-AT-013
NLEB-DI-AT-014,NLB-v3-DI-AT-014
NLEB-DI-AT-015,NLB-v3-DI-AT-015
NLEB-DI-AT-016,NLB-v3-DI-AT-016
NLEB-DI-AT-017,NLB-v3-DI-AT-017
NLEB-DI-AT-018,NLB-v3-DI-AT-018
NLEB-DI-AT-019,NLB-v3-DI-AT-019
NLEB-DI-AT-020,NLB-v3-DI-AT-020
NLEB-DI-AT-021,NLB-v3-DI-AT-021
NLEB-DI-AT-022,NLB-v3-DI-AT-022
NLEB-DI-AT-023,NLB-v3-DI-AT-023
NLEB-DI-AT-024,NLB-v3-DI-AT-024
NLEB-DI-AT-025,NLB-v3-DI-AT-025
NLEB-DI-AT-026,NLB-v3-DI-AT-026
NLEB-DI-AT-027,NLB-v3-DI-AT-027
NLEB-DI-AT-028,NLB-v3-DI-AT-028
NLEB-DI-AT-029,NLB-v3-DI-AT-029
NLEB-DI-AT-030,NLB-v3-DI-AT-030
NLEB-DI-AT-031,NLB-v3-DI-AT-031
NLEB-DI-AT-032,NLB-v3-DI-AT-032
NLEB-DI-AT-033,NLB-v3-DI-AT-033
NLEB-DI-AT-034,NLB-v3-DI-AT-034
NLEB-DI-AT-035,NLB-v3-DI-AT-035
NLEB-DI-AT-036,NLB-v3-DI-AT-036
NLEB-DI-AT-037,NLB-v3-DI-AT-037
NLEB-DI-AT-038,NLB-v3-DI-AT-038
NLEB-DI-AT-039,NLB-v3-DI-AT-039
NLEB-DI-AT-040,NLB-v3-DI-AT-040
NLEB-DI-CO-001,NLB-v3-DI-CO-001
NLEB-DI-CO-002,NLB-v3-DI-CO-002
NLEB-DI-CO-003,NLB-v3-DI-CO-003
NLEB-DI-CO-004,NLB-v3-DI-CO-004
NLEB-DI-CO-005,NLB-v3-DI-CO-005
NLEB-DI-CO-006,NLB-v3-DI-CO-006
NLEB-DI-CO-007,NLB-v3-DI-CO-007
NLEB-DI-CO-008,NLB-v3-DI-CO-008
NLEB-DI-CO-009,NLB-v3-DI-CO-009
NLEB-DI-CO-010,NLB-v3-DI-CO-010
NLEB-DI-CO-011,NLB-v3-DI-CO-011
NLEB-DI-CO-012,NLB-v3-DI-CO-012
NLEB-DI-CO-013,NLB-v3-DI-CO-013
NLEB-DI-CO-014,NLB-v3-DI-CO-014
NLEB-DI-CO-015,NLB-v3-DI-CO-015
NLEB-DI-CO-016,NLB-v3-DI-CO-016
NLEB-DI-CO-017,NLB-v3-DI-CO-017
NLEB-DI-CO-018,NLB-v3-DI-CO-018
NLEB-DI-CO-019,NLB-v3-DI-CO-019
NLEB-DI-CO-020,NLB-v3-DI-CO-020
NLEB-DI-CO-021,NLB-v3-DI-CO-021
NLEB-DI-CO-022,NLB-v3-DI-CO-022
NLEB-DI-CO-023,NLB-v3-DI-CO-023
NLEB-DI-CO-024,NLB-v3-DI-CO-024
NLEB-DI-CO-025,NLB-v3-DI-CO-025
NLEB-DI-CO-026,NLB-v3-DI-CO-026
NLEB-DI-CO-027,NLB-v3-DI-CO-027
NLEB-DI-CO-028,NLB-v3-DI-CO-028
NLEB-DI-CO-029,NLB-v3-DI-CO-029
NLEB-DI-CO-030,NLB-v3-DI-CO-030
NLEB-DI-CO-031,NLB-v3-DI-CO-031
NLEB-DI-CO-032,NLB-v3-DI-CO-032
NLEB-DI-CO-033,NLB-v3-DI-CO-033
NLEB-DI-CO-034,NLB-v3-DI-CO-034
NLEB-DI-CO-035,NLB-v3-DI-CO-035
NLEB-DI-CO-036,NLB-v3-DI-CO-036
NLEB-DI-CO-037,NLB-v3-DI-CO-037
NLEB-DI-CO-038,NLB-v3-DI-CO-038
NLEB-DI-CO-039,NLB-v3-DI-CO-039
NLEB-DI-CO-040,NLB-v3-DI-CO-040
NLEB-DI-CU-001,NLB-v3-DI-CU-001
NLEB-DI-CU-002,NLB-v3-DI-CU-002
NLEB-DI-CU-003,NLB-v3-DI-CU-003
NLEB-DI-CU-004,NLB-v3-DI-CU-004
NLEB-DI-CU-005,NLB-v3-DI-CU-005
NLEB-DI-CU-006,NLB-v3-DI-CU-006
NLEB-DI-CU-007,NLB-v3-DI-CU-007
NLEB-DI-CU-008,NLB-v3-DI-CU-008
NLEB-DI-CU-009,NLB-v3-DI-CU-009
NLEB-DI-CU-010,NLB-v3-DI-CU-010
NLEB-DI-CU-011,NLB-v3-DI-CU-011
NLEB-DI-CU-012,NLB-v3-DI-CU-012
NLEB-DI-CU-013,NLB-v3-DI-CU-013
NLEB-DI-CU-014,NLB-v3-DI-CU-014
NLEB-DI-CU-015,NLB-v3-DI-CU-015
NLEB-DI-CU-016,NLB-v3-DI-CU-016
NLEB-DI-CU-017,NLB-v3-DI-CU-017
NLEB-DI-CU-018,NLB-v3-DI-CU-018
NLEB-DI-CU-019,NLB-v3-DI-CU-019
NLEB-DI-CU-020,NLB-v3-DI-CU-020
NLEB-DI-CU-021,NLB-v3-DI-CU-021
NLEB-DI-CU-022,NLB-v3-DI-CU-022
NLEB-DI-CU-023,NLB-v3-DI-CU-023
NLEB-DI-CU-024,NLB-v3-DI-CU-024
NLEB-DI-CU-025,NLB-v3-DI-CU-025
NLEB-DI-CU-026,NLB-v3-DI-CU-026
NLEB-DI-CU-027,NLB-v3-DI-CU-027
NLEB-DI-CU-028,NLB-v3-DI-CU-028
NLEB-DI-CU-029,NLB-v3-DI-CU-029
NLEB-DI-CU-030,NLB-v3-DI-CU-030
NLEB-DI-CU-031,NLB-v3-DI-CU-031
NLEB-DI-CU-032,NLB-v3-DI-CU-032
NLEB-DI-CU-033,NLB-v3-DI-CU-033
NLEB-DI-CU-034,NLB-v3-DI-CU-034
NLEB-DI-CU-035,NLB-v3-DI-CU-035
NLEB-DI-CU-036,NLB-v3-DI-CU-036
NLEB-DI-CU-037,NLB-v3-DI-CU-037
NLEB-DI-CU-038,NLB-v3-DI-CU-038
NLEB-DI-CU-039,NLB-v3-DI-CU-039
NLEB-DI-CU-040,NLB-v3-DI-CU-040
NLEB-DI-DE-001,NLB-v3-DI-DE-001
NLEB-DI-DE-002,NLB-v3-DI-DE-002
NLEB-DI-DE-003,NLB-v3-DI-DE-003
NLEB-DI-DE-004,NLB-v3-DI-DE-004
NLEB-DI-DE-005,NLB-v3-DI-DE-005
NLEB-DI-DE-006,NLB-v3-DI-DE-006
NLEB-DI-DE-007,NLB-v3-DI-DE-007
NLEB-DI-DE-008,NLB-v3-DI-DE-008
NLEB-DI-DE-009,NLB-v3-DI-DE-009
NLEB-DI-DE-010,NLB-v3-DI-DE-010
NLEB-DI-DE-011,NLB-v3-DI-DE-011
NLEB-DI-DE-012,NLB-v3-DI-DE-012
NLEB-DI-DE-013,NLB-v3-DI-DE-013
NLEB-DI-DE-014,NLB-v3-DI-DE-014
NLEB-DI-DE-015,NLB-v3-DI-DE-015
NLEB-DI-DE-016,NLB-v3-DI-DE-016
NLEB-DI-DE-017,NLB-v3-DI-DE-017
NLEB-DI-DE-018,NLB-v3-DI-DE-018
NLEB-DI-DE-019,NLB-v3-DI-DE-019
NLEB-DI-DE-020,NLB-v3-DI-DE-020
NLEB-DI-DE-021,NLB-v3-DI-DE-021
NLEB-DI-DE-022,NLB-v3-DI-DE-022
NLEB-DI-DE-023,NLB-v3-DI-DE-023
NLEB-DI-DE-024,NLB-v3-DI-DE-024
NLEB-DI-DE-025,NLB-v3-DI-DE-025
NLEB-DI-DE-026,NLB-v3-DI-DE-026
NLEB-DI-DE-027,NLB-v3-DI-DE-027
NLEB-DI-DE-028,NLB-v3-DI-DE-028
NLEB-DI-DE-029,NLB-v3-DI-DE-029
NLEB-DI-DE-030,NLB-v3-DI-DE-030
NLEB-DI-DE-031,NLB-v3-DI-DE-031
NLEB-DI-DE-032,NLB-v3-DI-DE-032
NLEB-DI-DE-033,NLB-v3-DI-DE-033
NLEB-DI-DE-034,NLB-v3-DI-DE-034
NLEB-DI-DE-035,NLB-v3-DI-DE-035
NLEB-DI-DE-036,NLB-v3-DI-DE-036
NLEB-DI-DE-037,NLB-v3-DI-DE-037
NLEB-DI-DE-038,NLB-v3-DI-DE-038
NLEB-DI-DE-039,NLB-v3-DI-DE-039
NLEB-DI-DE-040,NLB-v3-DI-DE-040
NLEB-EX-AT-001,NLB-v3-EX-AT-001
NLEB-EX-AT-002,NLB-v3-EX-AT-002
NLEB-EX-AT-003,NLB-v3-EX-AT-003
NLEB-EX-AT-004,NLB-v3-EX-AT-004
NLEB-EX-AT-005,NLB-v3-EX-AT-005
NLEB-EX-AT-006,NLB-v3-EX-AT-006
NLEB-EX-AT-007,NLB-v3-EX-AT-007
NLEB-EX-AT-008,NLB-v3-EX-AT-008
NLEB-EX-AT-009,NLB-v3-EX-AT-009
NLEB-EX-AT-010,NLB-v3-EX-AT-010
NLEB-EX-AT-011,NLB-v3-EX-AT-011
NLEB-EX-AT-012,NLB-v3-EX-AT-012
NLEB-EX-AT-013,NLB-v3-EX-AT-013
NLEB-EX-AT-014,NLB-v3-EX-AT-014
NLEB-EX-AT-015,NLB-v3-EX-AT-015
NLEB-EX-AT-016,NLB-v3-EX-AT-016
NLEB-EX-AT-017,NLB-v3-EX-AT-017
NLEB-EX-AT-018,NLB-v3-EX-AT-018
NLEB-EX-AT-019,NLB-v3-EX-AT-019
NLEB-EX-AT-020,NLB-v3-EX-AT-020
NLEB-EX-AT-021,NLB-v3-EX-AT-021
NLEB-EX-AT-022,NLB-v3-EX-AT-022
NLEB-EX-AT-023,NLB-v3-EX-AT-023
NLEB-EX-AT-024,NLB-v3-EX-AT-024
NLEB-EX-AT-025,NLB-v3-EX-AT-025
NLEB-EX-AT-026,NLB-v3-EX-AT-026
NLEB-EX-AT-027,NLB-v3-EX-AT-027
NLEB-EX-AT-028,NLB-v3-EX-AT-028
NLEB-EX-AT-029,NLB-v3-EX-AT-029
NLEB-EX-AT-030,NLB-v3-EX-AT-030
NLEB-EX-AT-031,NLB-v3-EX-AT-031
NLEB-EX-AT-032,NLB-v3-EX-AT-032
NLEB-EX-AT-033,NLB-v3-EX-AT-033
NLEB-EX-AT-034,NLB-v3-EX-AT-034
NLEB-EX-AT-035,NLB-v3-EX-AT-035
NLEB-EX-AT-036,NLB-v3-EX-AT-036
NLEB-EX-AT-037,NLB-v3-EX-AT-037
NLEB-EX-AT-038,NLB-v3-EX-AT-038
NLEB-EX-AT-039,NLB-v3-EX-AT-039
NLEB-EX-AT-040,NLB-v3-EX-AT-040
NLEB-EX-CO-001,NLB-v3-EX-CO-001
NLEB-EX-CO-002,NLB-v3-EX-CO-002
NLEB-EX-CO-003,NLB-v3-EX-CO-003
NLEB-EX-CO-004,NLB-v3-EX-CO-004
NLEB-EX-CO-005,NLB-v3-EX-CO-005
NLEB-EX-CO-006,NLB-v3-EX-CO-006
NLEB-EX-CO-007,NLB-v3-EX-CO-007
NLEB-EX-CO-008,NLB-v3-EX-CO-008
NLEB-EX-CO-009,NLB-v3-EX-CO-009
NLEB-EX-CO-010,NLB-v3-EX-CO-010
NLEB-EX-CO-011,NLB-v3-EX-CO-011
NLEB-EX-CO-012,NLB-v3-EX-CO-012
NLEB-EX-CO-013,NLB-v3-EX-CO-013
NLEB-EX-CO-014,NLB-v3-EX-CO-014
NLEB-EX-CO-015,NLB-v3-EX-CO-015
NLEB-EX-CO-016,NLB-v3-EX-CO-016
NLEB-EX-CO-017,NLB-v3-EX-CO-017
NLEB-EX-CO-018,NLB-v3-EX-CO-018
NLEB-EX-CO-019,NLB-v3-EX-CO-019
NLEB-EX-CO-020,NLB-v3-EX-CO-020
NLEB-EX-CO-021,NLB-v3-EX-CO-021
NLEB-EX-CO-022,NLB-v3-EX-CO-022
NLEB-EX-CO-023,NLB-v3-EX-CO-023
NLEB-EX-CO-024,NLB-v3-EX-CO-024
NLEB-EX-CO-025,NLB-v3-EX-CO-025
NLEB-EX-CO-026,NLB-v3-EX-CO-026
NLEB-EX-CO-027,NLB-v3-EX-CO-027
NLEB-EX-CO-028,NLB-v3-EX-CO-028
NLEB-EX-CO-029,NLB-v3-EX-CO-029
NLEB-EX-CO-030,NLB-v3-EX-CO-030
NLEB-EX-CO-031,NLB-v3-EX-CO-031
NLEB-EX-CO-032,NLB-v3-EX-CO-032
NLEB-EX-CO-033,NLB-v3-EX-CO-033
NLEB-EX-CO-034,NLB-v3-EX-CO-034
NLEB-EX-CO-035,NLB-v3-EX-CO-035
NLEB-EX-CO-036,NLB-v3-EX-CO-036
NLEB-EX-CO-037,NLB-v3-EX-CO-037
NLEB-EX-CO-038,NLB-v3-EX-CO-038
NLEB-EX-CO-039,NLB-v3-EX-CO-039
NLEB-EX-CO-040,NLB-v3-EX-CO-040
NLEB-EX-CU-001,NLB-v3-EX-CU-001
NLEB-EX-CU-002,NLB-v3-EX-CU-002
NLEB-EX-CU-003,NLB-v3-EX-CU-003
NLEB-EX-CU-004,NLB-v3-EX-CU-004
NLEB-EX-CU-005,NLB-v3-EX-CU-005
NLEB-EX-CU-006,NLB-v3-EX-CU-006
NLEB-EX-CU-007,NLB-v3-EX-CU-007
NLEB-EX-CU-008,NLB-v3-EX-CU-008
NLEB-EX-CU-009,NLB-v3-EX-CU-009
NLEB-EX-CU-010,NLB-v3-EX-CU-010
NLEB-EX-CU-011,NLB-v3-EX-CU-011
NLEB-EX-CU-012,NLB-v3-EX-CU-012
NLEB-EX-CU-013,NLB-v3-EX-CU-013
NLEB-EX-CU-014,NLB-v3-EX-CU-014
NLEB-EX-CU-015,NLB-v3-EX-CU-015
NLEB-EX-CU-016,NLB-v3-EX-CU-016
NLEB-EX-CU-017,NLB-v3-EX-CU-017
NLEB-EX-CU-018,NLB-v3-EX-CU-018
NLEB-EX-CU-019,NLB-v3-EX-CU-019
NLEB-EX-CU-020,NLB-v3-EX-CU-020
NLEB-EX-CU-021,NLB-v3-EX-CU-021
NLEB-EX-CU-022,NLB-v3-EX-CU-022
NLEB-EX-CU-023,NLB-v3-EX-CU-023
NLEB-EX-CU-024,NLB-v3-EX-CU-024
NLEB-EX-CU-025,NLB-v3-EX-CU-025
NLEB-EX-CU-026,NLB-v3-EX-CU-026
NLEB-EX-CU-027,NLB-v3-EX-CU-027
NLEB-EX-CU-028,NLB-v3-EX-CU-028
NLEB-EX-CU-029,NLB-v3-EX-CU-029
NLEB-EX-CU-030,NLB-v3-EX-CU-030
NLEB-EX-CU-031,NLB-v3-EX-CU-031
NLEB-EX-CU-032,NLB-v3-EX-CU-032
NLEB-EX-CU-033,NLB-v3-EX-CU-033
NLEB-EX-CU-034,NLB-v3-EX-CU-034
NLEB-EX-CU-035,NLB-v3-EX-CU-035
NLEB-EX-CU-036,NLB-v3-EX-CU-036
NLEB-EX-CU-037,NLB-v3-EX-CU-037
NLEB-EX-CU-038,NLB-v3-EX-CU-038
NLEB-EX-CU-039,NLB-v3-EX-CU-039
NLEB-EX-CU-040,NLB-v3-EX-CU-040
NLEB-EX-DE-001,NLB-v3-EX-DE-001
NLEB-EX-DE-002,NLB-v3-EX-DE-002
NLEB-EX-DE-003,NLB-v3-EX-DE-003
NLEB-EX-DE-004,NLB-v3-EX-DE-004
NLEB-EX-DE-005,NLB-v3-EX-DE-005
NLEB-EX-DE-006,NLB-v3-EX-DE-006
NLEB-EX-DE-007,NLB-v3-EX-DE-007
NLEB-EX-DE-008,NLB-v3-EX-DE-008
NLEB-EX-DE-009,NLB-v3-EX-DE-009
NLEB-EX-DE-010,NLB-v3-EX-DE-010
NLEB-EX-DE-011,NLB-v3-EX-DE-011
NLEB-EX-DE-012,NLB-v3-EX-DE-012
NLEB-EX-DE-013,NLB-v3-EX-DE-013
NLEB-EX-DE-014,NLB-v3-EX-DE-014
NLEB-EX-DE-015,NLB-v3-EX-DE-015
NLEB-EX-DE-016,NLB-v3-EX-DE-016
NLEB-EX-DE-017,NLB-v3-EX-DE-017
NLEB-EX-DE-018,NLB-v3-EX-DE-018
NLEB-EX-DE-019,NLB-v3-EX-DE-019
NLEB-EX-DE-020,NLB-v3-EX-DE-020
NLEB-EX-DE-021,NLB-v3-EX-DE-021
NLEB-EX-DE-022,NLB-v3-EX-DE-022
NLEB-EX-DE-023,NLB-v3-EX-DE-023
NLEB-EX-DE-024,NLB-v3-EX-DE-024
NLEB-EX-DE-025,NLB-v3-EX-DE-025
NLEB-EX-DE-026,NLB-v3-EX-DE-026
NLEB-EX-DE-027,NLB-v3-EX-DE-027
NLEB-EX-DE-028,NLB-v3-EX-DE-028
NLEB-EX-DE-029,NLB-v3-EX-DE-029
NLEB-EX-DE-030,NLB-v3-EX-DE-030
NLEB-EX-DE-031,NLB-v3-EX-DE-031
NLEB-EX-DE-032,NLB-v3-EX-DE-032
NLEB-EX-DE-033,NLB-v3-EX-DE-033
NLEB-EX-DE-034,NLB-v3-EX-DE-034
NLEB-EX-DE-035,NLB-v3-EX-DE-035
NLEB-EX-DE-036,NLB-v3-EX-DE-036
NLEB-EX-DE-037,NLB-v3-EX-DE-037
NLEB-EX-DE-038,NLB-v3-EX-DE-038
NLEB-EX-DE-039,NLB-v3-EX-DE-039
NLEB-EX-DE-040,NLB-v3-EX-DE-040
NLEB-IN-CX-001,NLB-v3-IN-CX-001
NLEB-IN-CX-002,NLB-v3-IN-CX-002
NLEB-IN-CX-003,NLB-v3-IN-CX-003
NLEB-IN-CX-004,NLB-v3-IN-CX-004
NLEB-IN-CX-005,NLB-v3-IN-CX-005
NLEB-IN-CX-006,NLB-v3-IN-CX-006
NLEB-IN-CX-007,NLB-v3-IN-CX-007
NLEB-IN-CX-008,NLB-v3-IN-CX-008
NLEB-IN-CX-009,NLB-v3-IN-CX-009
NLEB-IN-CX-010,NLB-v3-IN-CX-010
NLEB-IN-CX-011,NLB-v3-IN-CX-011
NLEB-IN-CX-012,NLB-v3-IN-CX-012
NLEB-IN-CX-013,NLB-v3-IN-CX-013
NLEB-IN-CX-014,NLB-v3-IN-CX-014
NLEB-IN-CX-015,NLB-v3-IN-CX-015
NLEB-IN-CX-016,NLB-v3-IN-CX-016
NLEB-IN-CX-017,NLB-v3-IN-CX-017
NLEB-IN-CX-018,NLB-v3-IN-CX-018
NLEB-IN-CX-019,NLB-v3-IN-CX-019
NLEB-IN-CX-020,NLB-v3-IN-CX-020
NLEB-IN-DI-001,NLB-v3-IN-DI-001
NLEB-IN-DI-002,NLB-v3-IN-DI-002
NLEB-IN-DI-003,NLB-v3-IN-DI-003
NLEB-IN-DI-004,NLB-v3-IN-DI-004
NLEB-IN-DI-005,NLB-v3-IN-DI-005
NLEB-IN-DI-006,NLB-v3-IN-DI-006
NLEB-IN-DI-007,NLB-v3-IN-DI-007
NLEB-IN-DI-008,NLB-v3-IN-DI-008
NLEB-IN-DI-009,NLB-v3-IN-DI-009
NLEB-IN-DI-010,NLB-v3-IN-DI-010
NLEB-IN-DI-011,NLB-v3-IN-DI-011
NLEB-IN-DI-012,NLB-v3-IN-DI-012
NLEB-IN-DI-013,NLB-v3-IN-DI-013
NLEB-IN-DI-014,NLB-v3-IN-DI-014
NLEB-IN-DI-015,NLB-v3-IN-DI-015
NLEB-IN-DI-016,NLB-v3-IN-DI-016
NLEB-IN-DI-017,NLB-v3-IN-DI-017
NLEB-IN-DI-018,NLB-v3-IN-DI-018
NLEB-IN-DI-019,NLB-v3-IN-DI-019
NLEB-IN-DI-020,NLB-v3-IN-DI-020
NLEB-IN-EX-001,NLB-v3-IN-EX-001
NLEB-IN-EX-002,NLB-v3-IN-EX-002
NLEB-IN-EX-003,NLB-v3-IN-EX-003
NLEB-IN-EX-004,NLB-v3-IN-EX-004
NLEB-IN-EX-005,NLB-v3-IN-EX-005
NLEB-IN-EX-006,NLB-v3-IN-EX-006
NLEB-IN-EX-007,NLB-v3-IN-EX-007
NLEB-IN-EX-008,NLB-v3-IN-EX-008
NLEB-IN-EX-009,NLB-v3-IN-EX-009
NLEB-IN-EX-010,NLB-v3-IN-EX-010
NLEB-IN-EX-011,NLB-v3-IN-EX-011
NLEB-IN-EX-012,NLB-v3-IN-EX-012
NLEB-IN-EX-013,NLB-v3-IN-EX-013
NLEB-IN-EX-014,NLB-v3-IN-EX-014
NLEB-IN-EX-015,NLB-v3-IN-EX-015
NLEB-IN-EX-016,NLB-v3-IN-EX-016
NLEB-IN-EX-017,NLB-v3-IN-EX-017
NLEB-IN-EX-018,NLB-v3-IN-EX-018
NLEB-IN-EX-019,NLB-v3-IN-EX-019
NLEB-IN-EX-020,NLB-v3-IN-EX-020
NLEB-IN-ST-001,NLB-v3-IN-ST-001
NLEB-IN-ST-002,NLB-v3-IN-ST-002
NLEB-IN-ST-003,NLB-v3-IN-ST-003
NLEB-IN-ST-004,NLB-v3-IN-ST-004
NLEB-IN-ST-005,NLB-v3-IN-ST-005
NLEB-IN-ST-006,NLB-v3-IN-ST-006
NLEB-IN-ST-007,NLB-v3-IN-ST-007
NLEB-IN-ST-008,NLB-v3-IN-ST-008
NLEB-IN-ST-009,NLB-v3-IN-ST-009
NLEB-IN-ST-010,NLB-v3-IN-ST-010
NLEB-IN-ST-011,NLB-v3-IN-ST-011
NLEB-IN-ST-012,NLB-v3-IN-ST-012
NLEB-IN-ST-013,NLB-v3-IN-ST-013
NLEB-IN-ST-014,NLB-v3-IN-ST-014
NLEB-IN-ST-015,NLB-v3-IN-ST-015
NLEB-IN-ST-016,NLB-v3-IN-ST-016
NLEB-IN-ST-017,NLB-v3-IN-ST-017
NLEB-IN-ST-018,NLB-v3-IN-ST-018
NLEB-IN-ST-019,NLB-v3-IN-ST-019
NLEB-IN-ST-020,NLB-v3-IN-ST-020
NLEB-ST-AT-001,NLB-v3-ST-AT-001
NLEB-ST-AT-002,NLB-v3-ST-AT-002
NLEB-ST-AT-003,NLB-v3-ST-AT-003
NLEB-ST-AT-004,NLB-v3-ST-AT-004
NLEB-ST-AT-005,NLB-v3-ST-AT-005
NLEB-ST-AT-006,NLB-v3-ST-AT-006
NLEB-ST-AT-007,NLB-v3-ST-AT-007
NLEB-ST-AT-008,NLB-v3-ST-AT-008
NLEB-ST-AT-009,NLB-v3-ST-AT-009
NLEB-ST-AT-010,NLB-v3-ST-AT-010
NLEB-ST-AT-011,NLB-v3-ST-AT-011
NLEB-ST-AT-012,NLB-v3-ST-AT-012
NLEB-ST-AT-013,NLB-v3-ST-AT-013
NLEB-ST-AT-014,NLB-v3-ST-AT-014
NLEB-ST-AT-015,NLB-v3-ST-AT-015
NLEB-ST-AT-016,NLB-v3-ST-AT-016
NLEB-ST-AT-017,NLB-v3-ST-AT-017
NLEB-ST-AT-018,NLB-v3-ST-AT-018
NLEB-ST-AT-019,NLB-v3-ST-AT-019
NLEB-ST-AT-020,NLB-v3-ST-AT-020
NLEB-ST-AT-021,NLB-v3-ST-AT-021
NLEB-ST-AT-022,NLB-v3-ST-AT-022
NLEB-ST-AT-023,NLB-v3-ST-AT-023
NLEB-ST-AT-024,NLB-v3-ST-AT-024
NLEB-ST-AT-025,NLB-v3-ST-AT-025
NLEB-ST-AT-026,NLB-v3-ST-AT-026
NLEB-ST-AT-027,NLB-v3-ST-AT-027
NLEB-ST-AT-028,NLB-v3-ST-AT-028
NLEB-ST-AT-029,NLB-v3-ST-AT-029
NLEB-ST-AT-030,NLB-v3-ST-AT-030
NLEB-ST-AT-031,NLB-v3-ST-AT-031
NLEB-ST-AT-032,NLB-v3-ST-AT-032
NLEB-ST-AT-033,NLB-v3-ST-AT-033
NLEB-ST-AT-034,NLB-v3-ST-AT-034
NLEB-ST-AT-035,NLB-v3-ST-AT-035
NLEB-ST-AT-036,NLB-v3-ST-AT-036
NLEB-ST-AT-037,NLB-v3-ST-AT-037
NLEB-ST-AT-038,NLB-v3-ST-AT-038
NLEB-ST-AT-039,NLB-v3-ST-AT-039
NLEB-ST-AT-040,NLB-v3-ST-AT-040
NLEB-ST-CO-001,NLB-v3-ST-CO-001
NLEB-ST-CO-002,NLB-v3-ST-CO-002
NLEB-ST-CO-003,NLB-v3-ST-CO-003
NLEB-ST-CO-004,NLB-v3-ST-CO-004
NLEB-ST-CO-005,NLB-v3-ST-CO-005
NLEB-ST-CO-006,NLB-v3-ST-CO-006
NLEB-ST-CO-007,NLB-v3-ST-CO-007
NLEB-ST-CO-008,NLB-v3-ST-CO-008
NLEB-ST-CO-009,NLB-v3-ST-CO-009
NLEB-ST-CO-010,NLB-v3-ST-CO-010
NLEB-ST-CO-011,NLB-v3-ST-CO-011
NLEB-ST-CO-012,NLB-v3-ST-CO-012
NLEB-ST-CO-013,NLB-v3-ST-CO-013
NLEB-ST-CO-014,NLB-v3-ST-CO-014
NLEB-ST-CO-015,NLB-v3-ST-CO-015
NLEB-ST-CO-016,NLB-v3-ST-CO-016
NLEB-ST-CO-017,NLB-v3-ST-CO-017
NLEB-ST-CO-018,NLB-v3-ST-CO-018
NLEB-ST-CO-019,NLB-v3-ST-CO-019
NLEB-ST-CO-020,NLB-v3-ST-CO-020
NLEB-ST-CO-021,NLB-v3-ST-CO-021
NLEB-ST-CO-022,NLB-v3-ST-CO-022
NLEB-ST-CO-023,NLB-v3-ST-CO-023
NLEB-ST-CO-024,NLB-v3-ST-CO-024
NLEB-ST-CO-025,NLB-v3-ST-CO-025
NLEB-ST-CO-026,NLB-v3-ST-CO-026
NLEB-ST-CO-027,NLB-v3-ST-CO-027
NLEB-ST-CO-028,NLB-v3-ST-CO-028
NLEB-ST-CO-029,NLB-v3-ST-CO-029
NLEB-ST-CO-030,NLB-v3-ST-CO-030
NLEB-ST-CO-031,NLB-v3-ST-CO-031
NLEB-ST-CO-032,NLB-v3-ST-CO-032
NLEB-ST-CO-033,NLB-v3-ST-CO-033
NLEB-ST-CO-034,NLB-v3-ST-CO-034
NLEB-ST-CO-035,NLB-v3-ST-CO-035
NLEB-ST-CO-036,NLB-v3-ST-CO-036
NLEB-ST-CO-037,NLB-v3-ST-CO-037
NLEB-ST-CO-038,NLB-v3-ST-CO-038
NLEB-ST-CO-039,NLB-v3-ST-CO-039
NLEB-ST-CO-040,NLB-v3-ST-CO-040
NLEB-ST-CU-001,NLB-v3-ST-CU-001
NLEB-ST-CU-002,NLB-v3-ST-CU-002
NLEB-ST-CU-003,NLB-v3-ST-CU-003
NLEB-ST-CU-004,NLB-v3-ST-CU-004
NLEB-ST-CU-005,NLB-v3-ST-CU-005
NLEB-ST-CU-006,NLB-v3-ST-CU-006
NLEB-ST-CU-007,NLB-v3-ST-CU-007
NLEB-ST-CU-008,NLB-v3-ST-CU-008
NLEB-ST-CU-009,NLB-v3-ST-CU-009
NLEB-ST-CU-010,NLB-v3-ST-CU-010
NLEB-ST-CU-011,NLB-v3-ST-CU-011
NLEB-ST-CU-012,NLB-v3-ST-CU-012
NLEB-ST-CU-013,NLB-v3-ST-CU-013
NLEB-ST-CU-014,NLB-v3-ST-CU-014
NLEB-ST-CU-015,NLB-v3-ST-CU-015
NLEB-ST-CU-016,NLB-v3-ST-CU-016
NLEB-ST-CU-017,NLB-v3-ST-CU-017
NLEB-ST-CU-018,NLB-v3-ST-CU-018
NLEB-ST-CU-019,NLB-v3-ST-CU-019
NLEB-ST-CU-020,NLB-v3-ST-CU-020
NLEB-ST-CU-021,NLB-v3-ST-CU-021
NLEB-ST-CU-022,NLB-v3-ST-CU-022
NLEB-ST-CU-023,NLB-v3-ST-CU-023
NLEB-ST-CU-024,NLB-v3-ST-CU-024
NLEB-ST-CU-025,NLB-v3-ST-CU-025
NLEB-ST-CU-026,NLB-v3-ST-CU-026
NLEB-ST-CU-027,NLB-v3-ST-CU-027
NLEB-ST-CU-028,NLB-v3-ST-CU-028
NLEB-ST-CU-029,NLB-v3-ST-CU-029
NLEB-ST-CU-030,NLB-v3-ST-CU-030
NLEB-ST-CU-031,NLB-v3-ST-CU-031
NLEB-ST-CU-032,NLB-v3-ST-CU-032
NLEB-ST-CU-033,NLB-v3-ST-CU-033
NLEB-ST-CU-034,NLB-v3-ST-CU-034
NLEB-ST-CU-035,NLB-v3-ST-CU-035
NLEB-ST-CU-036,NLB-v3-ST-CU-036
NLEB-ST-CU-037,NLB-v3-ST-CU-037
NLEB-ST-CU-038,NLB-v3-ST-CU-038
NLEB-ST-CU-039,NLB-v3-ST-CU-039
NLEB-ST-CU-040,NLB-v3-ST-CU-040
NLEB-ST-DE-001,NLB-v3-ST-DE-001
NLEB-ST-DE-002,NLB-v3-ST-DE-002
NLEB-ST-DE-003,NLB-v3-ST-DE-003
NLEB-ST-DE-004,NLB-v3-ST-DE-004
NLEB-ST-DE-005,NLB-v3-ST-DE-005
NLEB-ST-DE-006,NLB-v3-ST-DE-006
NLEB-ST-DE-007,NLB-v3-ST-DE-007
NLEB-ST-DE-008,NLB-v3-ST-DE-008
NLEB-ST-DE-009,NLB-v3-ST-DE-009
NLEB-ST-DE-010,NLB-v3-ST-DE-010
NLEB-ST-DE-011,NLB-v3-ST-DE-011
NLEB-ST-DE-012,NLB-v3-ST-DE-012
NLEB-ST-DE-013,NLB-v3-ST-DE-013
NLEB-ST-DE-014,NLB-v3-ST-DE-014
NLEB-ST-DE-015,NLB-v3-ST-DE-015
NLEB-ST-DE-016,NLB-v3-ST-DE-016
NLEB-ST-DE-017,NLB-v3-ST-DE-017
NLEB-ST-DE-018,NLB-v3-ST-DE-018
NLEB-ST-DE-019,NLB-v3-ST-DE-019
NLEB-ST-DE-020,NLB-v3-ST-DE-020
NLEB-ST-DE-021,NLB-v3-ST-DE-021
NLEB-ST-DE-022,NLB-v3-ST-DE-022
NLEB-ST-DE-023,NLB-v3-ST-DE-023
NLEB-ST-DE-024,NLB-v3-ST-DE-024
NLEB-ST-DE-025,NLB-v3-ST-DE-025
NLEB-ST-DE-026,NLB-v3-ST-DE-026
NLEB-ST-DE-027,NLB-v3-ST-DE-027
NLEB-ST-DE-028,NLB-v3-ST-DE-028
NLEB-ST-DE-029,NLB-v3-ST-DE-029
NLEB-ST-DE-030,NLB-v3-ST-DE-030
NLEB-ST-DE-031,NLB-v3-ST-DE-031
NLEB-ST-DE-032,NLB-v3-ST-DE-032
NLEB-ST-DE-033,NLB-v3-ST-DE-033
NLEB-ST-DE-034,NLB-v3-ST-DE-034
NLEB-ST-DE-035,NLB-v3-ST-DE-035
NLEB-ST-DE-036,NLB-v3-ST-DE-036
NLEB-ST-DE-037,NLB-v3-ST-DE-037
NLEB-ST-DE-038,NLB-v3-ST-DE-038
NLEB-ST-DE-039,NLB-v3-ST-DE-039
NLEB-ST-DE-040,NLB-v3-ST-DE-040
